{"desenho": {
    "triangulo": [{
        "p1": {
            "esp": 3,
            "x": 0.37026239067055394,
            "y": 0.4640776699029126
        },
        "p2": {
            "esp": 3,
            "x": 0.4650145772594752,
            "y": 0.24271844660194175
        },
        "p3": {
            "esp": 3,
            "x": 0.6180758017492711,
            "y": 0.545631067961165
        },
        "cor": {
            "r": 0,
            "b": 0,
            "g": 0
        },
        "id": "triangulo_1"
    }],
    "ponto": [],
    "reta": [{
        "p1": {
            "esp": 3,
            "x": 0.1151603498542274,
            "y": 0.2796116504854369
        },
        "p2": {
            "esp": 3,
            "x": 0.30029154518950435,
            "y": 0.3029126213592233
        },
        "cor": {
            "r": 0,
            "b": 0,
            "g": 0
        },
        "id": "reta_1"
    }],
    "mandala": [],
    "retangulo": [],
    "circulo": []
}}